ensemble_name,members,weights,oof_auc
weighted__catboost__eng_no_time=0.80__lightgbm__eng_no_time_knn=0.20__xgboost__eng_no_time_knn=0.00,"['catboost__eng_no_time', 'lightgbm__eng_no_time_knn', 'xgboost__eng_no_time_knn']","[0.8, 0.2, 0.0]",0.7527207491976142
weighted__catboost__eng_no_time=0.75__lightgbm__eng_no_time_knn=0.25__xgboost__eng_no_time_knn=0.00,"['catboost__eng_no_time', 'lightgbm__eng_no_time_knn', 'xgboost__eng_no_time_knn']","[0.75, 0.25, 0.0]",0.7527084393340759
weighted__catboost__eng_no_time=0.80__lightgbm__eng_no_time_knn=0.15__xgboost__eng_no_time_knn=0.05,"['catboost__eng_no_time', 'lightgbm__eng_no_time_knn', 'xgboost__eng_no_time_knn']","[0.8, 0.15000000000000002, 0.04999999999999993]",0.7526691072147628
weighted__catboost__eng_no_time=0.75__lightgbm__eng_no_time_knn=0.20__xgboost__eng_no_time_knn=0.05,"['catboost__eng_no_time', 'lightgbm__eng_no_time_knn', 'xgboost__eng_no_time_knn']","[0.75, 0.2, 0.04999999999999999]",0.7526623206903976
weighted__catboost__eng_no_time=0.85__lightgbm__eng_no_time_knn=0.15__xgboost__eng_no_time_knn=0.00,"['catboost__eng_no_time', 'lightgbm__eng_no_time_knn', 'xgboost__eng_no_time_knn']","[0.8500000000000001, 0.15000000000000002, 0.0]",0.7526560666852801
weighted__catboost__eng_no_time=0.70__lightgbm__eng_no_time_knn=0.30__xgboost__eng_no_time_knn=0.00,"['catboost__eng_no_time', 'lightgbm__eng_no_time_knn', 'xgboost__eng_no_time_knn']","[0.7000000000000001, 0.30000000000000004, 0.0]",0.752621291939993
weighted__catboost__eng_no_time=0.85__lightgbm__eng_no_time_knn=0.10__xgboost__eng_no_time_knn=0.05,"['catboost__eng_no_time', 'lightgbm__eng_no_time_knn', 'xgboost__eng_no_time_knn']","[0.8500000000000001, 0.1, 0.049999999999999906]",0.7525842137393557
weighted__catboost__eng_no_time=0.70__lightgbm__eng_no_time_knn=0.25__xgboost__eng_no_time_knn=0.05,"['catboost__eng_no_time', 'lightgbm__eng_no_time_knn', 'xgboost__eng_no_time_knn']","[0.7000000000000001, 0.25, 0.04999999999999993]",0.7525831734691977
weighted__catboost__eng_no_time=0.75__lightgbm__eng_no_time_knn=0.15__xgboost__eng_no_time_knn=0.10,"['catboost__eng_no_time', 'lightgbm__eng_no_time_knn', 'xgboost__eng_no_time_knn']","[0.75, 0.15000000000000002, 0.09999999999999998]",0.7525199522887522
weighted__catboost__eng_no_time=0.80__lightgbm__eng_no_time_knn=0.10__xgboost__eng_no_time_knn=0.10,"['catboost__eng_no_time', 'lightgbm__eng_no_time_knn', 'xgboost__eng_no_time_knn']","[0.8, 0.1, 0.09999999999999995]",0.7525092523671254
weighted__catboost__eng_no_time=0.90__lightgbm__eng_no_time_knn=0.10__xgboost__eng_no_time_knn=0.00,"['catboost__eng_no_time', 'lightgbm__eng_no_time_knn', 'xgboost__eng_no_time_knn']","[0.9, 0.1, 0.0]",0.7524857100627128
weighted__catboost__eng_no_time=0.65__lightgbm__eng_no_time_knn=0.35__xgboost__eng_no_time_knn=0.00,"['catboost__eng_no_time', 'lightgbm__eng_no_time_knn', 'xgboost__eng_no_time_knn']","[0.65, 0.35000000000000003, 0.0]",0.7524563348149133
weighted__catboost__eng_no_time=0.70__lightgbm__eng_no_time_knn=0.20__xgboost__eng_no_time_knn=0.10,"['catboost__eng_no_time', 'lightgbm__eng_no_time_knn', 'xgboost__eng_no_time_knn']","[0.7000000000000001, 0.2, 0.09999999999999992]",0.7524438391888468
weighted__catboost__eng_no_time=0.65__lightgbm__eng_no_time_knn=0.30__xgboost__eng_no_time_knn=0.05,"['catboost__eng_no_time', 'lightgbm__eng_no_time_knn', 'xgboost__eng_no_time_knn']","[0.65, 0.30000000000000004, 0.04999999999999993]",0.7524388483689214
weighted__catboost__eng_no_time=0.90__lightgbm__eng_no_time_knn=0.05__xgboost__eng_no_time_knn=0.05,"['catboost__eng_no_time', 'lightgbm__eng_no_time_knn', 'xgboost__eng_no_time_knn']","[0.9, 0.05, 0.049999999999999975]",0.7524255230035621
weighted__catboost__eng_no_time=0.85__lightgbm__eng_no_time_knn=0.05__xgboost__eng_no_time_knn=0.10,"['catboost__eng_no_time', 'lightgbm__eng_no_time_knn', 'xgboost__eng_no_time_knn']","[0.8500000000000001, 0.05, 0.09999999999999991]",0.7524067857565466
weighted__catboost__eng_no_time=0.65__lightgbm__eng_no_time_knn=0.25__xgboost__eng_no_time_knn=0.10,"['catboost__eng_no_time', 'lightgbm__eng_no_time_knn', 'xgboost__eng_no_time_knn']","[0.65, 0.25, 0.09999999999999998]",0.7523092604292192
weighted__catboost__eng_no_time=0.75__lightgbm__eng_no_time_knn=0.10__xgboost__eng_no_time_knn=0.15,"['catboost__eng_no_time', 'lightgbm__eng_no_time_knn', 'xgboost__eng_no_time_knn']","[0.75, 0.1, 0.15]",0.7522505099336203
weighted__catboost__eng_no_time=0.80__lightgbm__eng_no_time_knn=0.05__xgboost__eng_no_time_knn=0.15,"['catboost__eng_no_time', 'lightgbm__eng_no_time_knn', 'xgboost__eng_no_time_knn']","[0.8, 0.05, 0.14999999999999997]",0.7522358842305633
weighted__catboost__eng_no_time=0.90__lightgbm__eng_no_time_knn=0.00__xgboost__eng_no_time_knn=0.10,"['catboost__eng_no_time', 'lightgbm__eng_no_time_knn', 'xgboost__eng_no_time_knn']","[0.9, 0.0, 0.09999999999999998]",0.7522331844818194
weighted__catboost__eng_no_time=0.95__lightgbm__eng_no_time_knn=0.05__xgboost__eng_no_time_knn=0.00,"['catboost__eng_no_time', 'lightgbm__eng_no_time_knn', 'xgboost__eng_no_time_knn']","[0.9500000000000001, 0.05, 0.0]",0.7522289119436698
weighted__catboost__eng_no_time=0.70__lightgbm__eng_no_time_knn=0.15__xgboost__eng_no_time_knn=0.15,"['catboost__eng_no_time', 'lightgbm__eng_no_time_knn', 'xgboost__eng_no_time_knn']","[0.7000000000000001, 0.15000000000000002, 0.1499999999999999]",0.7522055182492798
weighted__catboost__eng_no_time=0.60__lightgbm__eng_no_time_knn=0.35__xgboost__eng_no_time_knn=0.05,"['catboost__eng_no_time', 'lightgbm__eng_no_time_knn', 'xgboost__eng_no_time_knn']","[0.6000000000000001, 0.35000000000000003, 0.04999999999999988]",0.7522028680372101
weighted__catboost__eng_no_time=0.60__lightgbm__eng_no_time_knn=0.40__xgboost__eng_no_time_knn=0.00,"['catboost__eng_no_time', 'lightgbm__eng_no_time_knn', 'xgboost__eng_no_time_knn']","[0.6000000000000001, 0.4, 0.0]",0.7521903476428067
weighted__catboost__eng_no_time=0.95__lightgbm__eng_no_time_knn=0.00__xgboost__eng_no_time_knn=0.05,"['catboost__eng_no_time', 'lightgbm__eng_no_time_knn', 'xgboost__eng_no_time_knn']","[0.9500000000000001, 0.0, 0.04999999999999993]",0.7521698146913516
weighted__catboost__eng_no_time=0.85__lightgbm__eng_no_time_knn=0.00__xgboost__eng_no_time_knn=0.15,"['catboost__eng_no_time', 'lightgbm__eng_no_time_knn', 'xgboost__eng_no_time_knn']","[0.8500000000000001, 0.0, 0.1499999999999999]",0.7521348541835362
weighted__catboost__eng_no_time=0.60__lightgbm__eng_no_time_knn=0.30__xgboost__eng_no_time_knn=0.10,"['catboost__eng_no_time', 'lightgbm__eng_no_time_knn', 'xgboost__eng_no_time_knn']","[0.6000000000000001, 0.30000000000000004, 0.09999999999999987]",0.7520984323438321
weighted__catboost__eng_no_time=0.65__lightgbm__eng_no_time_knn=0.20__xgboost__eng_no_time_knn=0.15,"['catboost__eng_no_time', 'lightgbm__eng_no_time_knn', 'xgboost__eng_no_time_knn']","[0.65, 0.2, 0.14999999999999997]",0.7520791006567263
weighted__catboost__eng_no_time=0.75__lightgbm__eng_no_time_knn=0.05__xgboost__eng_no_time_knn=0.20,"['catboost__eng_no_time', 'lightgbm__eng_no_time_knn', 'xgboost__eng_no_time_knn']","[0.75, 0.05, 0.2]",0.7519250044474646
weighted__catboost__eng_no_time=0.80__lightgbm__eng_no_time_knn=0.00__xgboost__eng_no_time_knn=0.20,"['catboost__eng_no_time', 'lightgbm__eng_no_time_knn', 'xgboost__eng_no_time_knn']","[0.8, 0.0, 0.19999999999999996]",0.7519031587741432
weighted__catboost__eng_no_time=0.55__lightgbm__eng_no_time_knn=0.40__xgboost__eng_no_time_knn=0.05,"['catboost__eng_no_time', 'lightgbm__eng_no_time_knn', 'xgboost__eng_no_time_knn']","[0.55, 0.4, 0.04999999999999993]",0.7518975115932847
weighted__catboost__eng_no_time=0.60__lightgbm__eng_no_time_knn=0.25__xgboost__eng_no_time_knn=0.15,"['catboost__eng_no_time', 'lightgbm__eng_no_time_knn', 'xgboost__eng_no_time_knn']","[0.6000000000000001, 0.25, 0.1499999999999999]",0.7518941802519448
weighted__catboost__eng_no_time=0.70__lightgbm__eng_no_time_knn=0.10__xgboost__eng_no_time_knn=0.20,"['catboost__eng_no_time', 'lightgbm__eng_no_time_knn', 'xgboost__eng_no_time_knn']","[0.7000000000000001, 0.1, 0.19999999999999993]",0.7518776969236054
weighted__catboost__eng_no_time=0.55__lightgbm__eng_no_time_knn=0.45__xgboost__eng_no_time_knn=0.00,"['catboost__eng_no_time', 'lightgbm__eng_no_time_knn', 'xgboost__eng_no_time_knn']","[0.55, 0.45, 0.0]",0.7518636408923016
weighted__catboost__eng_no_time=0.55__lightgbm__eng_no_time_knn=0.35__xgboost__eng_no_time_knn=0.10,"['catboost__eng_no_time', 'lightgbm__eng_no_time_knn', 'xgboost__eng_no_time_knn']","[0.55, 0.35000000000000003, 0.09999999999999992]",0.751815850385869
weighted__catboost__eng_no_time=0.65__lightgbm__eng_no_time_knn=0.15__xgboost__eng_no_time_knn=0.20,"['catboost__eng_no_time', 'lightgbm__eng_no_time_knn', 'xgboost__eng_no_time_knn']","[0.65, 0.15000000000000002, 0.19999999999999996]",0.751776951712455
weighted__catboost__eng_no_time=0.55__lightgbm__eng_no_time_knn=0.30__xgboost__eng_no_time_knn=0.15,"['catboost__eng_no_time', 'lightgbm__eng_no_time_knn', 'xgboost__eng_no_time_knn']","[0.55, 0.30000000000000004, 0.1499999999999999]",0.7516322550871224
weighted__catboost__eng_no_time=0.60__lightgbm__eng_no_time_knn=0.20__xgboost__eng_no_time_knn=0.20,"['catboost__eng_no_time', 'lightgbm__eng_no_time_knn', 'xgboost__eng_no_time_knn']","[0.6000000000000001, 0.2, 0.1999999999999999]",0.7516020005633558
weighted__catboost__eng_no_time=0.50__lightgbm__eng_no_time_knn=0.45__xgboost__eng_no_time_knn=0.05,"['catboost__eng_no_time', 'lightgbm__eng_no_time_knn', 'xgboost__eng_no_time_knn']","[0.5, 0.45, 0.04999999999999999]",0.7515311011984098
weighted__catboost__eng_no_time=0.75__lightgbm__eng_no_time_knn=0.00__xgboost__eng_no_time_knn=0.25,"['catboost__eng_no_time', 'lightgbm__eng_no_time_knn', 'xgboost__eng_no_time_knn']","[0.75, 0.0, 0.25]",0.751521032869379
weighted__catboost__eng_no_time=0.70__lightgbm__eng_no_time_knn=0.05__xgboost__eng_no_time_knn=0.25,"['catboost__eng_no_time', 'lightgbm__eng_no_time_knn', 'xgboost__eng_no_time_knn']","[0.7000000000000001, 0.05, 0.24999999999999994]",0.7514971314240785
equal__catboost__eng_no_time__lightgbm__eng_no_time_knn,"['catboost__eng_no_time', 'lightgbm__eng_no_time_knn']","[0.5, 0.5]",0.7514620842270833
weighted__catboost__eng_no_time=0.50__lightgbm__eng_no_time_knn=0.50__xgboost__eng_no_time_knn=0.00,"['catboost__eng_no_time', 'lightgbm__eng_no_time_knn', 'xgboost__eng_no_time_knn']","[0.5, 0.5, 0.0]",0.7514620842270833
weighted__catboost__eng_no_time=0.50__lightgbm__eng_no_time_knn=0.40__xgboost__eng_no_time_knn=0.10,"['catboost__eng_no_time', 'lightgbm__eng_no_time_knn', 'xgboost__eng_no_time_knn']","[0.5, 0.4, 0.09999999999999998]",0.7514608705785655
weighted__catboost__eng_no_time=0.65__lightgbm__eng_no_time_knn=0.10__xgboost__eng_no_time_knn=0.25,"['catboost__eng_no_time', 'lightgbm__eng_no_time_knn', 'xgboost__eng_no_time_knn']","[0.65, 0.1, 0.24999999999999997]",0.7514061820902508
weighted__catboost__eng_no_time=0.55__lightgbm__eng_no_time_knn=0.25__xgboost__eng_no_time_knn=0.20,"['catboost__eng_no_time', 'lightgbm__eng_no_time_knn', 'xgboost__eng_no_time_knn']","[0.55, 0.25, 0.19999999999999996]",0.7513652895657003
weighted__catboost__eng_no_time=0.50__lightgbm__eng_no_time_knn=0.35__xgboost__eng_no_time_knn=0.15,"['catboost__eng_no_time', 'lightgbm__eng_no_time_knn', 'xgboost__eng_no_time_knn']","[0.5, 0.35000000000000003, 0.14999999999999997]",0.7512976843895883
weighted__catboost__eng_no_time=0.60__lightgbm__eng_no_time_knn=0.15__xgboost__eng_no_time_knn=0.25,"['catboost__eng_no_time', 'lightgbm__eng_no_time_knn', 'xgboost__eng_no_time_knn']","[0.6000000000000001, 0.15000000000000002, 0.2499999999999999]",0.751255689674037
weighted__catboost__eng_no_time=0.50__lightgbm__eng_no_time_knn=0.30__xgboost__eng_no_time_knn=0.20,"['catboost__eng_no_time', 'lightgbm__eng_no_time_knn', 'xgboost__eng_no_time_knn']","[0.5, 0.30000000000000004, 0.19999999999999996]",0.7510682676672085
weighted__catboost__eng_no_time=0.45__lightgbm__eng_no_time_knn=0.50__xgboost__eng_no_time_knn=0.05,"['catboost__eng_no_time', 'lightgbm__eng_no_time_knn', 'xgboost__eng_no_time_knn']","[0.45, 0.5, 0.050000000000000044]",0.7510667196461397
weighted__catboost__eng_no_time=0.70__lightgbm__eng_no_time_knn=0.00__xgboost__eng_no_time_knn=0.30,"['catboost__eng_no_time', 'lightgbm__eng_no_time_knn', 'xgboost__eng_no_time_knn']","[0.7000000000000001, 0.0, 0.29999999999999993]",0.7510519453330601
weighted__catboost__eng_no_time=0.45__lightgbm__eng_no_time_knn=0.45__xgboost__eng_no_time_knn=0.10,"['catboost__eng_no_time', 'lightgbm__eng_no_time_knn', 'xgboost__eng_no_time_knn']","[0.45, 0.45, 0.10000000000000003]",0.751038917187746
weighted__catboost__eng_no_time=0.55__lightgbm__eng_no_time_knn=0.20__xgboost__eng_no_time_knn=0.25,"['catboost__eng_no_time', 'lightgbm__eng_no_time_knn', 'xgboost__eng_no_time_knn']","[0.55, 0.2, 0.24999999999999994]",0.7510312513874138
weighted__catboost__eng_no_time=0.45__lightgbm__eng_no_time_knn=0.55__xgboost__eng_no_time_knn=0.00,"['catboost__eng_no_time', 'lightgbm__eng_no_time_knn', 'xgboost__eng_no_time_knn']","[0.45, 0.55, 0.0]",0.7509918573472577
weighted__catboost__eng_no_time=0.65__lightgbm__eng_no_time_knn=0.05__xgboost__eng_no_time_knn=0.30,"['catboost__eng_no_time', 'lightgbm__eng_no_time_knn', 'xgboost__eng_no_time_knn']","[0.65, 0.05, 0.3]",0.7509792750320116
weighted__catboost__eng_no_time=0.45__lightgbm__eng_no_time_knn=0.40__xgboost__eng_no_time_knn=0.15,"['catboost__eng_no_time', 'lightgbm__eng_no_time_knn', 'xgboost__eng_no_time_knn']","[0.45, 0.4, 0.15000000000000002]",0.7509107286590899
weighted__catboost__eng_no_time=0.60__lightgbm__eng_no_time_knn=0.10__xgboost__eng_no_time_knn=0.30,"['catboost__eng_no_time', 'lightgbm__eng_no_time_knn', 'xgboost__eng_no_time_knn']","[0.6000000000000001, 0.1, 0.29999999999999993]",0.7508354700668144
weighted__catboost__eng_no_time=0.50__lightgbm__eng_no_time_knn=0.25__xgboost__eng_no_time_knn=0.25,"['catboost__eng_no_time', 'lightgbm__eng_no_time_knn', 'xgboost__eng_no_time_knn']","[0.5, 0.25, 0.25]",0.7507561618514232
weighted__catboost__eng_no_time=0.45__lightgbm__eng_no_time_knn=0.35__xgboost__eng_no_time_knn=0.20,"['catboost__eng_no_time', 'lightgbm__eng_no_time_knn', 'xgboost__eng_no_time_knn']","[0.45, 0.35000000000000003, 0.2]",0.7506928168292925
weighted__catboost__eng_no_time=0.55__lightgbm__eng_no_time_knn=0.15__xgboost__eng_no_time_knn=0.30,"['catboost__eng_no_time', 'lightgbm__eng_no_time_knn', 'xgboost__eng_no_time_knn']","[0.55, 0.15000000000000002, 0.29999999999999993]",0.7506344750112557
weighted__catboost__eng_no_time=0.40__lightgbm__eng_no_time_knn=0.55__xgboost__eng_no_time_knn=0.05,"['catboost__eng_no_time', 'lightgbm__eng_no_time_knn', 'xgboost__eng_no_time_knn']","[0.4, 0.55, 0.04999999999999993]",0.750562659217837
weighted__catboost__eng_no_time=0.40__lightgbm__eng_no_time_knn=0.50__xgboost__eng_no_time_knn=0.10,"['catboost__eng_no_time', 'lightgbm__eng_no_time_knn', 'xgboost__eng_no_time_knn']","[0.4, 0.5, 0.09999999999999998]",0.7505542255990547
weighted__catboost__eng_no_time=0.65__lightgbm__eng_no_time_knn=0.00__xgboost__eng_no_time_knn=0.35,"['catboost__eng_no_time', 'lightgbm__eng_no_time_knn', 'xgboost__eng_no_time_knn']","[0.65, 0.0, 0.35]",0.7504912149494748
weighted__catboost__eng_no_time=0.40__lightgbm__eng_no_time_knn=0.60__xgboost__eng_no_time_knn=0.00,"['catboost__eng_no_time', 'lightgbm__eng_no_time_knn', 'xgboost__eng_no_time_knn']","[0.4, 0.6000000000000001, 0.0]",0.7504573814009975
weighted__catboost__eng_no_time=0.40__lightgbm__eng_no_time_knn=0.45__xgboost__eng_no_time_knn=0.15,"['catboost__eng_no_time', 'lightgbm__eng_no_time_knn', 'xgboost__eng_no_time_knn']","[0.4, 0.45, 0.14999999999999997]",0.7504460251184375
weighted__catboost__eng_no_time=0.45__lightgbm__eng_no_time_knn=0.30__xgboost__eng_no_time_knn=0.25,"['catboost__eng_no_time', 'lightgbm__eng_no_time_knn', 'xgboost__eng_no_time_knn']","[0.45, 0.30000000000000004, 0.25]",0.7504016897950303
weighted__catboost__eng_no_time=0.50__lightgbm__eng_no_time_knn=0.20__xgboost__eng_no_time_knn=0.30,"['catboost__eng_no_time', 'lightgbm__eng_no_time_knn', 'xgboost__eng_no_time_knn']","[0.5, 0.2, 0.3]",0.7503833983780825
weighted__catboost__eng_no_time=0.60__lightgbm__eng_no_time_knn=0.05__xgboost__eng_no_time_knn=0.35,"['catboost__eng_no_time', 'lightgbm__eng_no_time_knn', 'xgboost__eng_no_time_knn']","[0.6000000000000001, 0.05, 0.3499999999999999]",0.7503690698950707
weighted__catboost__eng_no_time=0.40__lightgbm__eng_no_time_knn=0.40__xgboost__eng_no_time_knn=0.20,"['catboost__eng_no_time', 'lightgbm__eng_no_time_knn', 'xgboost__eng_no_time_knn']","[0.4, 0.4, 0.19999999999999996]",0.7502633710165006
weighted__catboost__eng_no_time=0.55__lightgbm__eng_no_time_knn=0.10__xgboost__eng_no_time_knn=0.35,"['catboost__eng_no_time', 'lightgbm__eng_no_time_knn', 'xgboost__eng_no_time_knn']","[0.55, 0.1, 0.35]",0.7501939453676121
weighted__catboost__eng_no_time=0.45__lightgbm__eng_no_time_knn=0.25__xgboost__eng_no_time_knn=0.30,"['catboost__eng_no_time', 'lightgbm__eng_no_time_knn', 'xgboost__eng_no_time_knn']","[0.45, 0.25, 0.30000000000000004]",0.7500589455462535
weighted__catboost__eng_no_time=0.35__lightgbm__eng_no_time_knn=0.55__xgboost__eng_no_time_knn=0.10,"['catboost__eng_no_time', 'lightgbm__eng_no_time_knn', 'xgboost__eng_no_time_knn']","[0.35000000000000003, 0.55, 0.09999999999999987]",0.7500024861218363
weighted__catboost__eng_no_time=0.40__lightgbm__eng_no_time_knn=0.35__xgboost__eng_no_time_knn=0.25,"['catboost__eng_no_time', 'lightgbm__eng_no_time_knn', 'xgboost__eng_no_time_knn']","[0.4, 0.35000000000000003, 0.24999999999999994]",0.7499972847710457
weighted__catboost__eng_no_time=0.35__lightgbm__eng_no_time_knn=0.60__xgboost__eng_no_time_knn=0.05,"['catboost__eng_no_time', 'lightgbm__eng_no_time_knn', 'xgboost__eng_no_time_knn']","[0.35000000000000003, 0.6000000000000001, 0.04999999999999982]",0.7499916747426925
weighted__catboost__eng_no_time=0.50__lightgbm__eng_no_time_knn=0.15__xgboost__eng_no_time_knn=0.35,"['catboost__eng_no_time', 'lightgbm__eng_no_time_knn', 'xgboost__eng_no_time_knn']","[0.5, 0.15000000000000002, 0.35]",0.7499615935972858
weighted__catboost__eng_no_time=0.35__lightgbm__eng_no_time_knn=0.50__xgboost__eng_no_time_knn=0.15,"['catboost__eng_no_time', 'lightgbm__eng_no_time_knn', 'xgboost__eng_no_time_knn']","[0.35000000000000003, 0.5, 0.1499999999999999]",0.7499301625775071
weighted__catboost__eng_no_time=0.60__lightgbm__eng_no_time_knn=0.00__xgboost__eng_no_time_knn=0.40,"['catboost__eng_no_time', 'lightgbm__eng_no_time_knn', 'xgboost__eng_no_time_knn']","[0.6000000000000001, 0.0, 0.3999999999999999]",0.7498625821697323
weighted__catboost__eng_no_time=0.35__lightgbm__eng_no_time_knn=0.65__xgboost__eng_no_time_knn=0.00,"['catboost__eng_no_time', 'lightgbm__eng_no_time_knn', 'xgboost__eng_no_time_knn']","[0.35000000000000003, 0.65, 0.0]",0.7498513992655321
weighted__catboost__eng_no_time=0.35__lightgbm__eng_no_time_knn=0.45__xgboost__eng_no_time_knn=0.20,"['catboost__eng_no_time', 'lightgbm__eng_no_time_knn', 'xgboost__eng_no_time_knn']","[0.35000000000000003, 0.45, 0.1999999999999999]",0.7497595335032318
weighted__catboost__eng_no_time=0.55__lightgbm__eng_no_time_knn=0.05__xgboost__eng_no_time_knn=0.40,"['catboost__eng_no_time', 'lightgbm__eng_no_time_knn', 'xgboost__eng_no_time_knn']","[0.55, 0.05, 0.39999999999999997]",0.749704956472434
weighted__catboost__eng_no_time=0.40__lightgbm__eng_no_time_knn=0.30__xgboost__eng_no_time_knn=0.30,"['catboost__eng_no_time', 'lightgbm__eng_no_time_knn', 'xgboost__eng_no_time_knn']","[0.4, 0.30000000000000004, 0.29999999999999993]",0.7496810921796391
weighted__catboost__eng_no_time=0.45__lightgbm__eng_no_time_knn=0.20__xgboost__eng_no_time_knn=0.35,"['catboost__eng_no_time', 'lightgbm__eng_no_time_knn', 'xgboost__eng_no_time_knn']","[0.45, 0.2, 0.35000000000000003]",0.7496683612543701
weighted__catboost__eng_no_time=0.35__lightgbm__eng_no_time_knn=0.40__xgboost__eng_no_time_knn=0.25,"['catboost__eng_no_time', 'lightgbm__eng_no_time_knn', 'xgboost__eng_no_time_knn']","[0.35000000000000003, 0.4, 0.2499999999999999]",0.7495282220030637
weighted__catboost__eng_no_time=0.50__lightgbm__eng_no_time_knn=0.10__xgboost__eng_no_time_knn=0.40,"['catboost__eng_no_time', 'lightgbm__eng_no_time_knn', 'xgboost__eng_no_time_knn']","[0.5, 0.1, 0.4]",0.7494828711778353
weighted__catboost__eng_no_time=0.30__lightgbm__eng_no_time_knn=0.60__xgboost__eng_no_time_knn=0.10,"['catboost__eng_no_time', 'lightgbm__eng_no_time_knn', 'xgboost__eng_no_time_knn']","[0.30000000000000004, 0.6000000000000001, 0.09999999999999987]",0.749395017886145
weighted__catboost__eng_no_time=0.30__lightgbm__eng_no_time_knn=0.55__xgboost__eng_no_time_knn=0.15,"['catboost__eng_no_time', 'lightgbm__eng_no_time_knn', 'xgboost__eng_no_time_knn']","[0.30000000000000004, 0.55, 0.1499999999999999]",0.7493521686629636
weighted__catboost__eng_no_time=0.30__lightgbm__eng_no_time_knn=0.65__xgboost__eng_no_time_knn=0.05,"['catboost__eng_no_time', 'lightgbm__eng_no_time_knn', 'xgboost__eng_no_time_knn']","[0.30000000000000004, 0.65, 0.04999999999999993]",0.7493503110376812
weighted__catboost__eng_no_time=0.40__lightgbm__eng_no_time_knn=0.25__xgboost__eng_no_time_knn=0.35,"['catboost__eng_no_time', 'lightgbm__eng_no_time_knn', 'xgboost__eng_no_time_knn']","[0.4, 0.25, 0.35]",0.7493052945850038
weighted__catboost__eng_no_time=0.35__lightgbm__eng_no_time_knn=0.35__xgboost__eng_no_time_knn=0.30,"['catboost__eng_no_time', 'lightgbm__eng_no_time_knn', 'xgboost__eng_no_time_knn']","[0.35000000000000003, 0.35000000000000003, 0.2999999999999999]",0.749231584013797
weighted__catboost__eng_no_time=0.45__lightgbm__eng_no_time_knn=0.15__xgboost__eng_no_time_knn=0.40,"['catboost__eng_no_time', 'lightgbm__eng_no_time_knn', 'xgboost__eng_no_time_knn']","[0.45, 0.15000000000000002, 0.4]",0.7492152121429745
weighted__catboost__eng_no_time=0.30__lightgbm__eng_no_time_knn=0.50__xgboost__eng_no_time_knn=0.20,"['catboost__eng_no_time', 'lightgbm__eng_no_time_knn', 'xgboost__eng_no_time_knn']","[0.30000000000000004, 0.5, 0.19999999999999996]",0.7492019734667951
weighted__catboost__eng_no_time=0.55__lightgbm__eng_no_time_knn=0.00__xgboost__eng_no_time_knn=0.45,"['catboost__eng_no_time', 'lightgbm__eng_no_time_knn', 'xgboost__eng_no_time_knn']","[0.55, 0.0, 0.44999999999999996]",0.7491835210556562
weighted__catboost__eng_no_time=0.30__lightgbm__eng_no_time_knn=0.70__xgboost__eng_no_time_knn=0.00,"['catboost__eng_no_time', 'lightgbm__eng_no_time_knn', 'xgboost__eng_no_time_knn']","[0.30000000000000004, 0.7000000000000001, 0.0]",0.7491777871856178
weighted__catboost__eng_no_time=0.30__lightgbm__eng_no_time_knn=0.45__xgboost__eng_no_time_knn=0.25,"['catboost__eng_no_time', 'lightgbm__eng_no_time_knn', 'xgboost__eng_no_time_knn']","[0.30000000000000004, 0.45, 0.24999999999999994]",0.7490086565957369
weighted__catboost__eng_no_time=0.50__lightgbm__eng_no_time_knn=0.05__xgboost__eng_no_time_knn=0.45,"['catboost__eng_no_time', 'lightgbm__eng_no_time_knn', 'xgboost__eng_no_time_knn']","[0.5, 0.05, 0.45]",0.748980420691444
weighted__catboost__eng_no_time=0.35__lightgbm__eng_no_time_knn=0.30__xgboost__eng_no_time_knn=0.35,"['catboost__eng_no_time', 'lightgbm__eng_no_time_knn', 'xgboost__eng_no_time_knn']","[0.35000000000000003, 0.30000000000000004, 0.34999999999999987]",0.7488850873619498
weighted__catboost__eng_no_time=0.40__lightgbm__eng_no_time_knn=0.20__xgboost__eng_no_time_knn=0.40,"['catboost__eng_no_time', 'lightgbm__eng_no_time_knn', 'xgboost__eng_no_time_knn']","[0.4, 0.2, 0.39999999999999997]",0.7488796011752824
equal__catboost__eng_no_time__lightgbm__eng_no_time_knn__xgboost__eng_no_time_knn,"['catboost__eng_no_time', 'lightgbm__eng_no_time_knn', 'xgboost__eng_no_time_knn']","[0.3333333333333333, 0.3333333333333333, 0.3333333333333333]",0.748854758533172
weighted__catboost__eng_no_time=0.30__lightgbm__eng_no_time_knn=0.40__xgboost__eng_no_time_knn=0.30,"['catboost__eng_no_time', 'lightgbm__eng_no_time_knn', 'xgboost__eng_no_time_knn']","[0.30000000000000004, 0.4, 0.29999999999999993]",0.748741331933427
weighted__catboost__eng_no_time=0.45__lightgbm__eng_no_time_knn=0.10__xgboost__eng_no_time_knn=0.45,"['catboost__eng_no_time', 'lightgbm__eng_no_time_knn', 'xgboost__eng_no_time_knn']","[0.45, 0.1, 0.45000000000000007]",0.7487317465869696
weighted__catboost__eng_no_time=0.25__lightgbm__eng_no_time_knn=0.65__xgboost__eng_no_time_knn=0.10,"['catboost__eng_no_time', 'lightgbm__eng_no_time_knn', 'xgboost__eng_no_time_knn']","[0.25, 0.65, 0.09999999999999998]",0.7487299508825298
weighted__catboost__eng_no_time=0.25__lightgbm__eng_no_time_knn=0.60__xgboost__eng_no_time_knn=0.15,"['catboost__eng_no_time', 'lightgbm__eng_no_time_knn', 'xgboost__eng_no_time_knn']","[0.25, 0.6000000000000001, 0.1499999999999999]",0.7487205141460952
weighted__catboost__eng_no_time=0.25__lightgbm__eng_no_time_knn=0.70__xgboost__eng_no_time_knn=0.05,"['catboost__eng_no_time', 'lightgbm__eng_no_time_knn', 'xgboost__eng_no_time_knn']","[0.25, 0.7000000000000001, 0.04999999999999993]",0.7486469274165739
weighted__catboost__eng_no_time=0.25__lightgbm__eng_no_time_knn=0.55__xgboost__eng_no_time_knn=0.20,"['catboost__eng_no_time', 'lightgbm__eng_no_time_knn', 'xgboost__eng_no_time_knn']","[0.25, 0.55, 0.19999999999999996]",0.748610084515139
weighted__catboost__eng_no_time=0.35__lightgbm__eng_no_time_knn=0.25__xgboost__eng_no_time_knn=0.40,"['catboost__eng_no_time', 'lightgbm__eng_no_time_knn', 'xgboost__eng_no_time_knn']","[0.35000000000000003, 0.25, 0.3999999999999999]",0.7484917414004797
weighted__catboost__eng_no_time=0.25__lightgbm__eng_no_time_knn=0.75__xgboost__eng_no_time_knn=0.00,"['catboost__eng_no_time', 'lightgbm__eng_no_time_knn', 'xgboost__eng_no_time_knn']","[0.25, 0.75, 0.0]",0.7484459323610151
weighted__catboost__eng_no_time=0.25__lightgbm__eng_no_time_knn=0.50__xgboost__eng_no_time_knn=0.25,"['catboost__eng_no_time', 'lightgbm__eng_no_time_knn', 'xgboost__eng_no_time_knn']","[0.25, 0.5, 0.25]",0.7484383037131886
weighted__catboost__eng_no_time=0.50__lightgbm__eng_no_time_knn=0.00__xgboost__eng_no_time_knn=0.50,"['catboost__eng_no_time', 'lightgbm__eng_no_time_knn', 'xgboost__eng_no_time_knn']","[0.5, 0.0, 0.5]",0.74843513336604
equal__catboost__eng_no_time__xgboost__eng_no_time_knn,"['catboost__eng_no_time', 'xgboost__eng_no_time_knn']","[0.5, 0.5]",0.74843513336604
weighted__catboost__eng_no_time=0.40__lightgbm__eng_no_time_knn=0.15__xgboost__eng_no_time_knn=0.45,"['catboost__eng_no_time', 'lightgbm__eng_no_time_knn', 'xgboost__eng_no_time_knn']","[0.4, 0.15000000000000002, 0.44999999999999996]",0.7484198513020498
weighted__catboost__eng_no_time=0.30__lightgbm__eng_no_time_knn=0.35__xgboost__eng_no_time_knn=0.35,"['catboost__eng_no_time', 'lightgbm__eng_no_time_knn', 'xgboost__eng_no_time_knn']","[0.30000000000000004, 0.35000000000000003, 0.3499999999999999]",0.7484143279628768
weighted__catboost__eng_no_time=0.45__lightgbm__eng_no_time_knn=0.05__xgboost__eng_no_time_knn=0.50,"['catboost__eng_no_time', 'lightgbm__eng_no_time_knn', 'xgboost__eng_no_time_knn']","[0.45, 0.05, 0.5]",0.7482127756197332
weighted__catboost__eng_no_time=0.25__lightgbm__eng_no_time_knn=0.45__xgboost__eng_no_time_knn=0.30,"['catboost__eng_no_time', 'lightgbm__eng_no_time_knn', 'xgboost__eng_no_time_knn']","[0.25, 0.45, 0.3]",0.7481955244729438
weighted__catboost__eng_no_time=0.35__lightgbm__eng_no_time_knn=0.20__xgboost__eng_no_time_knn=0.45,"['catboost__eng_no_time', 'lightgbm__eng_no_time_knn', 'xgboost__eng_no_time_knn']","[0.35000000000000003, 0.2, 0.4499999999999999]",0.7480602521998773
weighted__catboost__eng_no_time=0.30__lightgbm__eng_no_time_knn=0.30__xgboost__eng_no_time_knn=0.40,"['catboost__eng_no_time', 'lightgbm__eng_no_time_knn', 'xgboost__eng_no_time_knn']","[0.30000000000000004, 0.30000000000000004, 0.3999999999999999]",0.7480438679448863
weighted__catboost__eng_no_time=0.20__lightgbm__eng_no_time_knn=0.65__xgboost__eng_no_time_knn=0.15,"['catboost__eng_no_time', 'lightgbm__eng_no_time_knn', 'xgboost__eng_no_time_knn']","[0.2, 0.65, 0.15000000000000002]",0.7480230501575545
weighted__catboost__eng_no_time=0.20__lightgbm__eng_no_time_knn=0.70__xgboost__eng_no_time_knn=0.10,"['catboost__eng_no_time', 'lightgbm__eng_no_time_knn', 'xgboost__eng_no_time_knn']","[0.2, 0.7000000000000001, 0.09999999999999998]",0.7480127465293214
weighted__catboost__eng_no_time=0.20__lightgbm__eng_no_time_knn=0.60__xgboost__eng_no_time_knn=0.20,"['catboost__eng_no_time', 'lightgbm__eng_no_time_knn', 'xgboost__eng_no_time_knn']","[0.2, 0.6000000000000001, 0.19999999999999996]",0.7479580828093436
weighted__catboost__eng_no_time=0.40__lightgbm__eng_no_time_knn=0.10__xgboost__eng_no_time_knn=0.50,"['catboost__eng_no_time', 'lightgbm__eng_no_time_knn', 'xgboost__eng_no_time_knn']","[0.4, 0.1, 0.5]",0.7479367077344272
weighted__catboost__eng_no_time=0.25__lightgbm__eng_no_time_knn=0.40__xgboost__eng_no_time_knn=0.35,"['catboost__eng_no_time', 'lightgbm__eng_no_time_knn', 'xgboost__eng_no_time_knn']","[0.25, 0.4, 0.35]",0.7479032085585009
weighted__catboost__eng_no_time=0.20__lightgbm__eng_no_time_knn=0.75__xgboost__eng_no_time_knn=0.05,"['catboost__eng_no_time', 'lightgbm__eng_no_time_knn', 'xgboost__eng_no_time_knn']","[0.2, 0.75, 0.050000000000000044]",0.7478828366012367
weighted__catboost__eng_no_time=0.20__lightgbm__eng_no_time_knn=0.55__xgboost__eng_no_time_knn=0.25,"['catboost__eng_no_time', 'lightgbm__eng_no_time_knn', 'xgboost__eng_no_time_knn']","[0.2, 0.55, 0.25]",0.747805831841196
weighted__catboost__eng_no_time=0.45__lightgbm__eng_no_time_knn=0.00__xgboost__eng_no_time_knn=0.55,"['catboost__eng_no_time', 'lightgbm__eng_no_time_knn', 'xgboost__eng_no_time_knn']","[0.45, 0.0, 0.55]",0.7476737670677837
weighted__catboost__eng_no_time=0.20__lightgbm__eng_no_time_knn=0.80__xgboost__eng_no_time_knn=0.00,"['catboost__eng_no_time', 'lightgbm__eng_no_time_knn', 'xgboost__eng_no_time_knn']","[0.2, 0.8, 0.0]",0.7476601444823792
weighted__catboost__eng_no_time=0.30__lightgbm__eng_no_time_knn=0.25__xgboost__eng_no_time_knn=0.45,"['catboost__eng_no_time', 'lightgbm__eng_no_time_knn', 'xgboost__eng_no_time_knn']","[0.30000000000000004, 0.25, 0.44999999999999996]",0.7476371842338884
weighted__catboost__eng_no_time=0.20__lightgbm__eng_no_time_knn=0.50__xgboost__eng_no_time_knn=0.30,"['catboost__eng_no_time', 'lightgbm__eng_no_time_knn', 'xgboost__eng_no_time_knn']","[0.2, 0.5, 0.30000000000000004]",0.7476033383012426
weighted__catboost__eng_no_time=0.35__lightgbm__eng_no_time_knn=0.15__xgboost__eng_no_time_knn=0.50,"['catboost__eng_no_time', 'lightgbm__eng_no_time_knn', 'xgboost__eng_no_time_knn']","[0.35000000000000003, 0.15000000000000002, 0.4999999999999999]",0.7475886135248371
weighted__catboost__eng_no_time=0.25__lightgbm__eng_no_time_knn=0.35__xgboost__eng_no_time_knn=0.40,"['catboost__eng_no_time', 'lightgbm__eng_no_time_knn', 'xgboost__eng_no_time_knn']","[0.25, 0.35000000000000003, 0.39999999999999997]",0.7475619008732758
weighted__catboost__eng_no_time=0.40__lightgbm__eng_no_time_knn=0.05__xgboost__eng_no_time_knn=0.55,"['catboost__eng_no_time', 'lightgbm__eng_no_time_knn', 'xgboost__eng_no_time_knn']","[0.4, 0.05, 0.5499999999999999]",0.7474105663336006
weighted__catboost__eng_no_time=0.20__lightgbm__eng_no_time_knn=0.45__xgboost__eng_no_time_knn=0.35,"['catboost__eng_no_time', 'lightgbm__eng_no_time_knn', 'xgboost__eng_no_time_knn']","[0.2, 0.45, 0.35000000000000003]",0.7473412273738919
weighted__catboost__eng_no_time=0.15__lightgbm__eng_no_time_knn=0.70__xgboost__eng_no_time_knn=0.15,"['catboost__eng_no_time', 'lightgbm__eng_no_time_knn', 'xgboost__eng_no_time_knn']","[0.15000000000000002, 0.7000000000000001, 0.1499999999999999]",0.7472842354302269
weighted__catboost__eng_no_time=0.15__lightgbm__eng_no_time_knn=0.65__xgboost__eng_no_time_knn=0.20,"['catboost__eng_no_time', 'lightgbm__eng_no_time_knn', 'xgboost__eng_no_time_knn']","[0.15000000000000002, 0.65, 0.19999999999999996]",0.747244482249183
weighted__catboost__eng_no_time=0.15__lightgbm__eng_no_time_knn=0.75__xgboost__eng_no_time_knn=0.10,"['catboost__eng_no_time', 'lightgbm__eng_no_time_knn', 'xgboost__eng_no_time_knn']","[0.15000000000000002, 0.75, 0.09999999999999998]",0.7472268471931685
weighted__catboost__eng_no_time=0.30__lightgbm__eng_no_time_knn=0.20__xgboost__eng_no_time_knn=0.50,"['catboost__eng_no_time', 'lightgbm__eng_no_time_knn', 'xgboost__eng_no_time_knn']","[0.30000000000000004, 0.2, 0.49999999999999994]",0.7472071811335117
weighted__catboost__eng_no_time=0.25__lightgbm__eng_no_time_knn=0.30__xgboost__eng_no_time_knn=0.45,"['catboost__eng_no_time', 'lightgbm__eng_no_time_knn', 'xgboost__eng_no_time_knn']","[0.25, 0.30000000000000004, 0.44999999999999996]",0.747174462160204
weighted__catboost__eng_no_time=0.15__lightgbm__eng_no_time_knn=0.60__xgboost__eng_no_time_knn=0.25,"['catboost__eng_no_time', 'lightgbm__eng_no_time_knn', 'xgboost__eng_no_time_knn']","[0.15000000000000002, 0.6000000000000001, 0.2499999999999999]",0.7471309318077524
weighted__catboost__eng_no_time=0.35__lightgbm__eng_no_time_knn=0.10__xgboost__eng_no_time_knn=0.55,"['catboost__eng_no_time', 'lightgbm__eng_no_time_knn', 'xgboost__eng_no_time_knn']","[0.35000000000000003, 0.1, 0.5499999999999999]",0.7470879711270539
weighted__catboost__eng_no_time=0.15__lightgbm__eng_no_time_knn=0.80__xgboost__eng_no_time_knn=0.05,"['catboost__eng_no_time', 'lightgbm__eng_no_time_knn', 'xgboost__eng_no_time_knn']","[0.15000000000000002, 0.8, 0.04999999999999993]",0.7470566391806238
weighted__catboost__eng_no_time=0.20__lightgbm__eng_no_time_knn=0.40__xgboost__eng_no_time_knn=0.40,"['catboost__eng_no_time', 'lightgbm__eng_no_time_knn', 'xgboost__eng_no_time_knn']","[0.2, 0.4, 0.4]",0.7470198705842004
weighted__catboost__eng_no_time=0.15__lightgbm__eng_no_time_knn=0.55__xgboost__eng_no_time_knn=0.30,"['catboost__eng_no_time', 'lightgbm__eng_no_time_knn', 'xgboost__eng_no_time_knn']","[0.15000000000000002, 0.55, 0.29999999999999993]",0.7469494418176591
weighted__catboost__eng_no_time=0.40__lightgbm__eng_no_time_knn=0.00__xgboost__eng_no_time_knn=0.60,"['catboost__eng_no_time', 'lightgbm__eng_no_time_knn', 'xgboost__eng_no_time_knn']","[0.4, 0.0, 0.6]",0.7468651303981739
weighted__catboost__eng_no_time=0.15__lightgbm__eng_no_time_knn=0.85__xgboost__eng_no_time_knn=0.00,"['catboost__eng_no_time', 'lightgbm__eng_no_time_knn', 'xgboost__eng_no_time_knn']","[0.15000000000000002, 0.8500000000000001, 0.0]",0.7467931536105642
weighted__catboost__eng_no_time=0.25__lightgbm__eng_no_time_knn=0.25__xgboost__eng_no_time_knn=0.50,"['catboost__eng_no_time', 'lightgbm__eng_no_time_knn', 'xgboost__eng_no_time_knn']","[0.25, 0.25, 0.5]",0.7467680385167456
weighted__catboost__eng_no_time=0.30__lightgbm__eng_no_time_knn=0.15__xgboost__eng_no_time_knn=0.55,"['catboost__eng_no_time', 'lightgbm__eng_no_time_knn', 'xgboost__eng_no_time_knn']","[0.30000000000000004, 0.15000000000000002, 0.5499999999999999]",0.7467310346211197
weighted__catboost__eng_no_time=0.15__lightgbm__eng_no_time_knn=0.50__xgboost__eng_no_time_knn=0.35,"['catboost__eng_no_time', 'lightgbm__eng_no_time_knn', 'xgboost__eng_no_time_knn']","[0.15000000000000002, 0.5, 0.35]",0.746726266716228
weighted__catboost__eng_no_time=0.20__lightgbm__eng_no_time_knn=0.35__xgboost__eng_no_time_knn=0.45,"['catboost__eng_no_time', 'lightgbm__eng_no_time_knn', 'xgboost__eng_no_time_knn']","[0.2, 0.35000000000000003, 0.45]",0.7466600114144881
weighted__catboost__eng_no_time=0.35__lightgbm__eng_no_time_knn=0.05__xgboost__eng_no_time_knn=0.60,"['catboost__eng_no_time', 'lightgbm__eng_no_time_knn', 'xgboost__eng_no_time_knn']","[0.35000000000000003, 0.05, 0.5999999999999999]",0.746577817687825
weighted__catboost__eng_no_time=0.10__lightgbm__eng_no_time_knn=0.70__xgboost__eng_no_time_knn=0.20,"['catboost__eng_no_time', 'lightgbm__eng_no_time_knn', 'xgboost__eng_no_time_knn']","[0.1, 0.7000000000000001, 0.19999999999999996]",0.7464819766074201
weighted__catboost__eng_no_time=0.10__lightgbm__eng_no_time_knn=0.75__xgboost__eng_no_time_knn=0.15,"['catboost__eng_no_time', 'lightgbm__eng_no_time_knn', 'xgboost__eng_no_time_knn']","[0.1, 0.75, 0.15000000000000002]",0.7464807629589023
weighted__catboost__eng_no_time=0.15__lightgbm__eng_no_time_knn=0.45__xgboost__eng_no_time_knn=0.40,"['catboost__eng_no_time', 'lightgbm__eng_no_time_knn', 'xgboost__eng_no_time_knn']","[0.15000000000000002, 0.45, 0.39999999999999997]",0.7464377527415298
weighted__catboost__eng_no_time=0.10__lightgbm__eng_no_time_knn=0.65__xgboost__eng_no_time_knn=0.25,"['catboost__eng_no_time', 'lightgbm__eng_no_time_knn', 'xgboost__eng_no_time_knn']","[0.1, 0.65, 0.25]",0.7463947672924945
weighted__catboost__eng_no_time=0.10__lightgbm__eng_no_time_knn=0.80__xgboost__eng_no_time_knn=0.10,"['catboost__eng_no_time', 'lightgbm__eng_no_time_knn', 'xgboost__eng_no_time_knn']","[0.1, 0.8, 0.09999999999999998]",0.7463840426025306
weighted__catboost__eng_no_time=0.25__lightgbm__eng_no_time_knn=0.20__xgboost__eng_no_time_knn=0.55,"['catboost__eng_no_time', 'lightgbm__eng_no_time_knn', 'xgboost__eng_no_time_knn']","[0.25, 0.2, 0.55]",0.7463197068469158
weighted__catboost__eng_no_time=0.20__lightgbm__eng_no_time_knn=0.30__xgboost__eng_no_time_knn=0.50,"['catboost__eng_no_time', 'lightgbm__eng_no_time_knn', 'xgboost__eng_no_time_knn']","[0.2, 0.30000000000000004, 0.5]",0.7462665911480069
weighted__catboost__eng_no_time=0.10__lightgbm__eng_no_time_knn=0.60__xgboost__eng_no_time_knn=0.30,"['catboost__eng_no_time', 'lightgbm__eng_no_time_knn', 'xgboost__eng_no_time_knn']","[0.1, 0.6000000000000001, 0.29999999999999993]",0.7462460705807202
weighted__catboost__eng_no_time=0.30__lightgbm__eng_no_time_knn=0.10__xgboost__eng_no_time_knn=0.60,"['catboost__eng_no_time', 'lightgbm__eng_no_time_knn', 'xgboost__eng_no_time_knn']","[0.30000000000000004, 0.1, 0.6]",0.7462241753707248
weighted__catboost__eng_no_time=0.10__lightgbm__eng_no_time_knn=0.85__xgboost__eng_no_time_knn=0.05,"['catboost__eng_no_time', 'lightgbm__eng_no_time_knn', 'xgboost__eng_no_time_knn']","[0.1, 0.8500000000000001, 0.04999999999999993]",0.7461860073632551
weighted__catboost__eng_no_time=0.15__lightgbm__eng_no_time_knn=0.40__xgboost__eng_no_time_knn=0.45,"['catboost__eng_no_time', 'lightgbm__eng_no_time_knn', 'xgboost__eng_no_time_knn']","[0.15000000000000002, 0.4, 0.44999999999999996]",0.746098971426689
weighted__catboost__eng_no_time=0.10__lightgbm__eng_no_time_knn=0.55__xgboost__eng_no_time_knn=0.35,"['catboost__eng_no_time', 'lightgbm__eng_no_time_knn', 'xgboost__eng_no_time_knn']","[0.1, 0.55, 0.35]",0.7460567785644409
weighted__catboost__eng_no_time=0.35__lightgbm__eng_no_time_knn=0.00__xgboost__eng_no_time_knn=0.65,"['catboost__eng_no_time', 'lightgbm__eng_no_time_knn', 'xgboost__eng_no_time_knn']","[0.35000000000000003, 0.0, 0.6499999999999999]",0.7460277253050236
weighted__catboost__eng_no_time=0.10__lightgbm__eng_no_time_knn=0.90__xgboost__eng_no_time_knn=0.00,"['catboost__eng_no_time', 'lightgbm__eng_no_time_knn', 'xgboost__eng_no_time_knn']","[0.1, 0.9, 0.0]",0.7458850720675017
weighted__catboost__eng_no_time=0.20__lightgbm__eng_no_time_knn=0.25__xgboost__eng_no_time_knn=0.55,"['catboost__eng_no_time', 'lightgbm__eng_no_time_knn', 'xgboost__eng_no_time_knn']","[0.2, 0.25, 0.55]",0.7458502106330347
weighted__catboost__eng_no_time=0.25__lightgbm__eng_no_time_knn=0.15__xgboost__eng_no_time_knn=0.60,"['catboost__eng_no_time', 'lightgbm__eng_no_time_knn', 'xgboost__eng_no_time_knn']","[0.25, 0.15000000000000002, 0.6]",0.7458391887230256
weighted__catboost__eng_no_time=0.10__lightgbm__eng_no_time_knn=0.50__xgboost__eng_no_time_knn=0.40,"['catboost__eng_no_time', 'lightgbm__eng_no_time_knn', 'xgboost__eng_no_time_knn']","[0.1, 0.5, 0.4]",0.7457944447220562
weighted__catboost__eng_no_time=0.15__lightgbm__eng_no_time_knn=0.35__xgboost__eng_no_time_knn=0.50,"['catboost__eng_no_time', 'lightgbm__eng_no_time_knn', 'xgboost__eng_no_time_knn']","[0.15000000000000002, 0.35000000000000003, 0.49999999999999994]",0.7457345548829508
weighted__catboost__eng_no_time=0.30__lightgbm__eng_no_time_knn=0.05__xgboost__eng_no_time_knn=0.65,"['catboost__eng_no_time', 'lightgbm__eng_no_time_knn', 'xgboost__eng_no_time_knn']","[0.30000000000000004, 0.05, 0.6499999999999999]",0.7457043870483642
weighted__catboost__eng_no_time=0.05__lightgbm__eng_no_time_knn=0.75__xgboost__eng_no_time_knn=0.20,"['catboost__eng_no_time', 'lightgbm__eng_no_time_knn', 'xgboost__eng_no_time_knn']","[0.05, 0.75, 0.19999999999999996]",0.7456623675644756
weighted__catboost__eng_no_time=0.05__lightgbm__eng_no_time_knn=0.80__xgboost__eng_no_time_knn=0.15,"['catboost__eng_no_time', 'lightgbm__eng_no_time_knn', 'xgboost__eng_no_time_knn']","[0.05, 0.8, 0.1499999999999999]",0.7456190601270579
weighted__catboost__eng_no_time=0.05__lightgbm__eng_no_time_knn=0.70__xgboost__eng_no_time_knn=0.25,"['catboost__eng_no_time', 'lightgbm__eng_no_time_knn', 'xgboost__eng_no_time_knn']","[0.05, 0.7000000000000001, 0.2499999999999999]",0.7456188991328667
weighted__catboost__eng_no_time=0.05__lightgbm__eng_no_time_knn=0.65__xgboost__eng_no_time_knn=0.30,"['catboost__eng_no_time', 'lightgbm__eng_no_time_knn', 'xgboost__eng_no_time_knn']","[0.05, 0.65, 0.29999999999999993]",0.7455006303232188
weighted__catboost__eng_no_time=0.10__lightgbm__eng_no_time_knn=0.45__xgboost__eng_no_time_knn=0.45,"['catboost__eng_no_time', 'lightgbm__eng_no_time_knn', 'xgboost__eng_no_time_knn']","[0.1, 0.45, 0.45]",0.7454963082483951
weighted__catboost__eng_no_time=0.05__lightgbm__eng_no_time_knn=0.85__xgboost__eng_no_time_knn=0.10,"['catboost__eng_no_time', 'lightgbm__eng_no_time_knn', 'xgboost__eng_no_time_knn']","[0.05, 0.8500000000000001, 0.09999999999999987]",0.7454853854117344
weighted__catboost__eng_no_time=0.20__lightgbm__eng_no_time_knn=0.20__xgboost__eng_no_time_knn=0.60,"['catboost__eng_no_time', 'lightgbm__eng_no_time_knn', 'xgboost__eng_no_time_knn']","[0.2, 0.2, 0.6000000000000001]",0.7454032783742508
weighted__catboost__eng_no_time=0.15__lightgbm__eng_no_time_knn=0.30__xgboost__eng_no_time_knn=0.55,"['catboost__eng_no_time', 'lightgbm__eng_no_time_knn', 'xgboost__eng_no_time_knn']","[0.15000000000000002, 0.30000000000000004, 0.5499999999999999]",0.7453397352054233
weighted__catboost__eng_no_time=0.25__lightgbm__eng_no_time_knn=0.10__xgboost__eng_no_time_knn=0.65,"['catboost__eng_no_time', 'lightgbm__eng_no_time_knn', 'xgboost__eng_no_time_knn']","[0.25, 0.1, 0.65]",0.7453358837290045
weighted__catboost__eng_no_time=0.05__lightgbm__eng_no_time_knn=0.60__xgboost__eng_no_time_knn=0.35,"['catboost__eng_no_time', 'lightgbm__eng_no_time_knn', 'xgboost__eng_no_time_knn']","[0.05, 0.6000000000000001, 0.34999999999999987]",0.7453332706694404
weighted__catboost__eng_no_time=0.05__lightgbm__eng_no_time_knn=0.90__xgboost__eng_no_time_knn=0.05,"['catboost__eng_no_time', 'lightgbm__eng_no_time_knn', 'xgboost__eng_no_time_knn']","[0.05, 0.9, 0.04999999999999993]",0.7452545816624768
weighted__catboost__eng_no_time=0.30__lightgbm__eng_no_time_knn=0.00__xgboost__eng_no_time_knn=0.70,"['catboost__eng_no_time', 'lightgbm__eng_no_time_knn', 'xgboost__eng_no_time_knn']","[0.30000000000000004, 0.0, 0.7]",0.7451536135362925
weighted__catboost__eng_no_time=0.10__lightgbm__eng_no_time_knn=0.40__xgboost__eng_no_time_knn=0.50,"['catboost__eng_no_time', 'lightgbm__eng_no_time_knn', 'xgboost__eng_no_time_knn']","[0.1, 0.4, 0.5]",0.7451481397337936
weighted__catboost__eng_no_time=0.05__lightgbm__eng_no_time_knn=0.55__xgboost__eng_no_time_knn=0.40,"['catboost__eng_no_time', 'lightgbm__eng_no_time_knn', 'xgboost__eng_no_time_knn']","[0.05, 0.55, 0.3999999999999999]",0.7451148882412382
weighted__catboost__eng_no_time=0.20__lightgbm__eng_no_time_knn=0.15__xgboost__eng_no_time_knn=0.65,"['catboost__eng_no_time', 'lightgbm__eng_no_time_knn', 'xgboost__eng_no_time_knn']","[0.2, 0.15000000000000002, 0.65]",0.7449149458400061
weighted__catboost__eng_no_time=0.15__lightgbm__eng_no_time_knn=0.25__xgboost__eng_no_time_knn=0.60,"['catboost__eng_no_time', 'lightgbm__eng_no_time_knn', 'xgboost__eng_no_time_knn']","[0.15000000000000002, 0.25, 0.6]",0.7449110695952501
weighted__catboost__eng_no_time=0.05__lightgbm__eng_no_time_knn=0.95__xgboost__eng_no_time_knn=0.00,"['catboost__eng_no_time', 'lightgbm__eng_no_time_knn', 'xgboost__eng_no_time_knn']","[0.05, 0.9500000000000001, 0.0]",0.7449009517295451
weighted__catboost__eng_no_time=0.05__lightgbm__eng_no_time_knn=0.50__xgboost__eng_no_time_knn=0.45,"['catboost__eng_no_time', 'lightgbm__eng_no_time_knn', 'xgboost__eng_no_time_knn']","[0.05, 0.5, 0.44999999999999996]",0.7448429690523962
weighted__catboost__eng_no_time=0.25__lightgbm__eng_no_time_knn=0.05__xgboost__eng_no_time_knn=0.70,"['catboost__eng_no_time', 'lightgbm__eng_no_time_knn', 'xgboost__eng_no_time_knn']","[0.25, 0.05, 0.7]",0.7448119962468538
weighted__catboost__eng_no_time=0.00__lightgbm__eng_no_time_knn=0.80__xgboost__eng_no_time_knn=0.20,"['catboost__eng_no_time', 'lightgbm__eng_no_time_knn', 'xgboost__eng_no_time_knn']","[0.0, 0.8, 0.19999999999999996]",0.7447870545313953
weighted__catboost__eng_no_time=0.00__lightgbm__eng_no_time_knn=0.75__xgboost__eng_no_time_knn=0.25,"['catboost__eng_no_time', 'lightgbm__eng_no_time_knn', 'xgboost__eng_no_time_knn']","[0.0, 0.75, 0.25]",0.7447841937884603
weighted__catboost__eng_no_time=0.10__lightgbm__eng_no_time_knn=0.35__xgboost__eng_no_time_knn=0.55,"['catboost__eng_no_time', 'lightgbm__eng_no_time_knn', 'xgboost__eng_no_time_knn']","[0.1, 0.35000000000000003, 0.55]",0.7447833145124932
weighted__catboost__eng_no_time=0.00__lightgbm__eng_no_time_knn=0.70__xgboost__eng_no_time_knn=0.30,"['catboost__eng_no_time', 'lightgbm__eng_no_time_knn', 'xgboost__eng_no_time_knn']","[0.0, 0.7000000000000001, 0.29999999999999993]",0.7447052818664627
weighted__catboost__eng_no_time=0.00__lightgbm__eng_no_time_knn=0.85__xgboost__eng_no_time_knn=0.15,"['catboost__eng_no_time', 'lightgbm__eng_no_time_knn', 'xgboost__eng_no_time_knn']","[0.0, 0.8500000000000001, 0.1499999999999999]",0.7447005387299082
weighted__catboost__eng_no_time=0.00__lightgbm__eng_no_time_knn=0.65__xgboost__eng_no_time_knn=0.35,"['catboost__eng_no_time', 'lightgbm__eng_no_time_knn', 'xgboost__eng_no_time_knn']","[0.0, 0.65, 0.35]",0.7445640156558182
weighted__catboost__eng_no_time=0.00__lightgbm__eng_no_time_knn=0.90__xgboost__eng_no_time_knn=0.10,"['catboost__eng_no_time', 'lightgbm__eng_no_time_knn', 'xgboost__eng_no_time_knn']","[0.0, 0.9, 0.09999999999999998]",0.7445401513630232
weighted__catboost__eng_no_time=0.05__lightgbm__eng_no_time_knn=0.45__xgboost__eng_no_time_knn=0.50,"['catboost__eng_no_time', 'lightgbm__eng_no_time_knn', 'xgboost__eng_no_time_knn']","[0.05, 0.45, 0.49999999999999994]",0.744525810495843
weighted__catboost__eng_no_time=0.15__lightgbm__eng_no_time_knn=0.20__xgboost__eng_no_time_knn=0.65,"['catboost__eng_no_time', 'lightgbm__eng_no_time_knn', 'xgboost__eng_no_time_knn']","[0.15000000000000002, 0.2, 0.6499999999999999]",0.74446359243305
weighted__catboost__eng_no_time=0.20__lightgbm__eng_no_time_knn=0.10__xgboost__eng_no_time_knn=0.70,"['catboost__eng_no_time', 'lightgbm__eng_no_time_knn', 'xgboost__eng_no_time_knn']","[0.2, 0.1, 0.7000000000000001]",0.7444107987225235
weighted__catboost__eng_no_time=0.10__lightgbm__eng_no_time_knn=0.30__xgboost__eng_no_time_knn=0.60,"['catboost__eng_no_time', 'lightgbm__eng_no_time_knn', 'xgboost__eng_no_time_knn']","[0.1, 0.30000000000000004, 0.6]",0.7443845319010299
weighted__catboost__eng_no_time=0.00__lightgbm__eng_no_time_knn=0.60__xgboost__eng_no_time_knn=0.40,"['catboost__eng_no_time', 'lightgbm__eng_no_time_knn', 'xgboost__eng_no_time_knn']","[0.0, 0.6000000000000001, 0.3999999999999999]",0.744374166351954
weighted__catboost__eng_no_time=0.00__lightgbm__eng_no_time_knn=0.95__xgboost__eng_no_time_knn=0.05,"['catboost__eng_no_time', 'lightgbm__eng_no_time_knn', 'xgboost__eng_no_time_knn']","[0.0, 0.9500000000000001, 0.04999999999999993]",0.744275390223603
weighted__catboost__eng_no_time=0.25__lightgbm__eng_no_time_knn=0.00__xgboost__eng_no_time_knn=0.75,"['catboost__eng_no_time', 'lightgbm__eng_no_time_knn', 'xgboost__eng_no_time_knn']","[0.25, 0.0, 0.75]",0.7442578913934425
weighted__catboost__eng_no_time=0.05__lightgbm__eng_no_time_knn=0.40__xgboost__eng_no_time_knn=0.55,"['catboost__eng_no_time', 'lightgbm__eng_no_time_knn', 'xgboost__eng_no_time_knn']","[0.05, 0.4, 0.5499999999999999]",0.7441853573182479
weighted__catboost__eng_no_time=0.00__lightgbm__eng_no_time_knn=0.55__xgboost__eng_no_time_knn=0.45,"['catboost__eng_no_time', 'lightgbm__eng_no_time_knn', 'xgboost__eng_no_time_knn']","[0.0, 0.55, 0.44999999999999996]",0.7441386442344791
weighted__catboost__eng_no_time=0.15__lightgbm__eng_no_time_knn=0.15__xgboost__eng_no_time_knn=0.70,"['catboost__eng_no_time', 'lightgbm__eng_no_time_knn', 'xgboost__eng_no_time_knn']","[0.15000000000000002, 0.15000000000000002, 0.7]",0.7439846594827344
weighted__catboost__eng_no_time=0.10__lightgbm__eng_no_time_knn=0.25__xgboost__eng_no_time_knn=0.65,"['catboost__eng_no_time', 'lightgbm__eng_no_time_knn', 'xgboost__eng_no_time_knn']","[0.1, 0.25, 0.65]",0.7439600273714893
weighted__catboost__eng_no_time=0.20__lightgbm__eng_no_time_knn=0.05__xgboost__eng_no_time_knn=0.75,"['catboost__eng_no_time', 'lightgbm__eng_no_time_knn', 'xgboost__eng_no_time_knn']","[0.2, 0.05, 0.75]",0.7438795550442545
weighted__catboost__eng_no_time=0.00__lightgbm__eng_no_time_knn=0.50__xgboost__eng_no_time_knn=0.50,"['catboost__eng_no_time', 'lightgbm__eng_no_time_knn', 'xgboost__eng_no_time_knn']","[0.0, 0.5, 0.5]",0.7438614122373295
equal__lightgbm__eng_no_time_knn__xgboost__eng_no_time_knn,"['lightgbm__eng_no_time_knn', 'xgboost__eng_no_time_knn']","[0.5, 0.5]",0.7438614122373295
weighted__catboost__eng_no_time=0.05__lightgbm__eng_no_time_knn=0.35__xgboost__eng_no_time_knn=0.60,"['catboost__eng_no_time', 'lightgbm__eng_no_time_knn', 'xgboost__eng_no_time_knn']","[0.05, 0.35000000000000003, 0.5999999999999999]",0.7438075906408133
weighted__catboost__eng_no_time=0.00__lightgbm__eng_no_time_knn=0.45__xgboost__eng_no_time_knn=0.55,"['catboost__eng_no_time', 'lightgbm__eng_no_time_knn', 'xgboost__eng_no_time_knn']","[0.0, 0.45, 0.55]",0.7435386560365917
weighted__catboost__eng_no_time=0.10__lightgbm__eng_no_time_knn=0.20__xgboost__eng_no_time_knn=0.70,"['catboost__eng_no_time', 'lightgbm__eng_no_time_knn', 'xgboost__eng_no_time_knn']","[0.1, 0.2, 0.7]",0.7435103829797932
weighted__catboost__eng_no_time=0.15__lightgbm__eng_no_time_knn=0.10__xgboost__eng_no_time_knn=0.75,"['catboost__eng_no_time', 'lightgbm__eng_no_time_knn', 'xgboost__eng_no_time_knn']","[0.15000000000000002, 0.1, 0.75]",0.7434756825395175
weighted__catboost__eng_no_time=0.05__lightgbm__eng_no_time_knn=0.30__xgboost__eng_no_time_knn=0.65,"['catboost__eng_no_time', 'lightgbm__eng_no_time_knn', 'xgboost__eng_no_time_knn']","[0.05, 0.30000000000000004, 0.6499999999999999]",0.7434013527598832
weighted__catboost__eng_no_time=0.20__lightgbm__eng_no_time_knn=0.00__xgboost__eng_no_time_knn=0.80,"['catboost__eng_no_time', 'lightgbm__eng_no_time_knn', 'xgboost__eng_no_time_knn']","[0.2, 0.0, 0.8]",0.7433439769069932
weighted__catboost__eng_no_time=0.00__lightgbm__eng_no_time_knn=0.40__xgboost__eng_no_time_knn=0.60,"['catboost__eng_no_time', 'lightgbm__eng_no_time_knn', 'xgboost__eng_no_time_knn']","[0.0, 0.4, 0.6]",0.7431937940949931
weighted__catboost__eng_no_time=0.10__lightgbm__eng_no_time_knn=0.15__xgboost__eng_no_time_knn=0.75,"['catboost__eng_no_time', 'lightgbm__eng_no_time_knn', 'xgboost__eng_no_time_knn']","[0.1, 0.15000000000000002, 0.75]",0.743029480946678
weighted__catboost__eng_no_time=0.05__lightgbm__eng_no_time_knn=0.25__xgboost__eng_no_time_knn=0.70,"['catboost__eng_no_time', 'lightgbm__eng_no_time_knn', 'xgboost__eng_no_time_knn']","[0.05, 0.25, 0.7]",0.7429791516856927
weighted__catboost__eng_no_time=0.15__lightgbm__eng_no_time_knn=0.05__xgboost__eng_no_time_knn=0.80,"['catboost__eng_no_time', 'lightgbm__eng_no_time_knn', 'xgboost__eng_no_time_knn']","[0.15000000000000002, 0.05, 0.7999999999999999]",0.7429527362541767
weighted__catboost__eng_no_time=0.00__lightgbm__eng_no_time_knn=0.35__xgboost__eng_no_time_knn=0.65,"['catboost__eng_no_time', 'lightgbm__eng_no_time_knn', 'xgboost__eng_no_time_knn']","[0.0, 0.35000000000000003, 0.6499999999999999]",0.7428176002069642
weighted__catboost__eng_no_time=0.05__lightgbm__eng_no_time_knn=0.20__xgboost__eng_no_time_knn=0.75,"['catboost__eng_no_time', 'lightgbm__eng_no_time_knn', 'xgboost__eng_no_time_knn']","[0.05, 0.2, 0.75]",0.7425279221204224
weighted__catboost__eng_no_time=0.10__lightgbm__eng_no_time_knn=0.10__xgboost__eng_no_time_knn=0.80,"['catboost__eng_no_time', 'lightgbm__eng_no_time_knn', 'xgboost__eng_no_time_knn']","[0.1, 0.1, 0.8]",0.7425246279315881
weighted__catboost__eng_no_time=0.15__lightgbm__eng_no_time_knn=0.00__xgboost__eng_no_time_knn=0.85,"['catboost__eng_no_time', 'lightgbm__eng_no_time_knn', 'xgboost__eng_no_time_knn']","[0.15000000000000002, 0.0, 0.85]",0.7424172200377581
weighted__catboost__eng_no_time=0.00__lightgbm__eng_no_time_knn=0.30__xgboost__eng_no_time_knn=0.70,"['catboost__eng_no_time', 'lightgbm__eng_no_time_knn', 'xgboost__eng_no_time_knn']","[0.0, 0.30000000000000004, 0.7]",0.7424086625772904
weighted__catboost__eng_no_time=0.05__lightgbm__eng_no_time_knn=0.15__xgboost__eng_no_time_knn=0.80,"['catboost__eng_no_time', 'lightgbm__eng_no_time_knn', 'xgboost__eng_no_time_knn']","[0.05, 0.15000000000000002, 0.7999999999999999]",0.7420529521040423
weighted__catboost__eng_no_time=0.10__lightgbm__eng_no_time_knn=0.05__xgboost__eng_no_time_knn=0.85,"['catboost__eng_no_time', 'lightgbm__eng_no_time_knn', 'xgboost__eng_no_time_knn']","[0.1, 0.05, 0.85]",0.7420091492998827
weighted__catboost__eng_no_time=0.00__lightgbm__eng_no_time_knn=0.25__xgboost__eng_no_time_knn=0.75,"['catboost__eng_no_time', 'lightgbm__eng_no_time_knn', 'xgboost__eng_no_time_knn']","[0.0, 0.25, 0.75]",0.7419832663876142
weighted__catboost__eng_no_time=0.05__lightgbm__eng_no_time_knn=0.10__xgboost__eng_no_time_knn=0.85,"['catboost__eng_no_time', 'lightgbm__eng_no_time_knn', 'xgboost__eng_no_time_knn']","[0.05, 0.1, 0.85]",0.7415570033061395
weighted__catboost__eng_no_time=0.00__lightgbm__eng_no_time_knn=0.20__xgboost__eng_no_time_knn=0.80,"['catboost__eng_no_time', 'lightgbm__eng_no_time_knn', 'xgboost__eng_no_time_knn']","[0.0, 0.2, 0.8]",0.7415361731346393
weighted__catboost__eng_no_time=0.10__lightgbm__eng_no_time_knn=0.00__xgboost__eng_no_time_knn=0.90,"['catboost__eng_no_time', 'lightgbm__eng_no_time_knn', 'xgboost__eng_no_time_knn']","[0.1, 0.0, 0.9]",0.7414787725134121
weighted__catboost__eng_no_time=0.00__lightgbm__eng_no_time_knn=0.15__xgboost__eng_no_time_knn=0.85,"['catboost__eng_no_time', 'lightgbm__eng_no_time_knn', 'xgboost__eng_no_time_knn']","[0.0, 0.15000000000000002, 0.85]",0.7410645839962734
weighted__catboost__eng_no_time=0.05__lightgbm__eng_no_time_knn=0.05__xgboost__eng_no_time_knn=0.90,"['catboost__eng_no_time', 'lightgbm__eng_no_time_knn', 'xgboost__eng_no_time_knn']","[0.05, 0.05, 0.8999999999999999]",0.741037103526262
weighted__catboost__eng_no_time=0.00__lightgbm__eng_no_time_knn=0.10__xgboost__eng_no_time_knn=0.90,"['catboost__eng_no_time', 'lightgbm__eng_no_time_knn', 'xgboost__eng_no_time_knn']","[0.0, 0.1, 0.9]",0.7405675701598753
weighted__catboost__eng_no_time=0.05__lightgbm__eng_no_time_knn=0.00__xgboost__eng_no_time_knn=0.95,"['catboost__eng_no_time', 'lightgbm__eng_no_time_knn', 'xgboost__eng_no_time_knn']","[0.05, 0.0, 0.95]",0.7405137857158648
weighted__catboost__eng_no_time=0.00__lightgbm__eng_no_time_knn=0.05__xgboost__eng_no_time_knn=0.95,"['catboost__eng_no_time', 'lightgbm__eng_no_time_knn', 'xgboost__eng_no_time_knn']","[0.0, 0.05, 0.95]",0.7400510884105175
